{"cameraMode":{"drawMode":0,"name":"Shaded","section":"Shading Mode"},"sceneLighting":true,"audioPlay":false,"sceneViewState":{"m_AlwaysRefresh":false,"showFog":true,"showSkybox":true,"showFlares":true,"showImageEffects":true,"showParticleSystems":true,"showVisualEffectGraphs":true,"m_FxEnabled":true},"in2DMode":false,"pivot":{"x":-6.505904197692871,"y":-1.1038943529129029,"z":4.33967924118042},"rotation":{"x":0.11308491230010987,"y":0.12810660898685456,"z":-0.015070538967847824,"w":0.9854229688644409},"size":3.0301618576049806,"orthographic":false}