{"cameraMode":{"drawMode":0,"name":"Shaded","section":"Shading Mode"},"sceneLighting":false,"audioPlay":false,"sceneViewState":{"m_AlwaysRefresh":false,"showFog":true,"showSkybox":false,"showFlares":true,"showImageEffects":true,"showParticleSystems":true,"showVisualEffectGraphs":true,"m_FxEnabled":true},"in2DMode":false,"pivot":{"x":0.018984846770763398,"y":0.2822793126106262,"z":-0.12178895622491837},"rotation":{"x":-0.36658772826194765,"y":-0.40618637204170229,"z":0.1823979765176773,"w":-0.8170663118362427},"size":0.43301570415496828,"orthographic":false}